{"cameraMode":{"drawMode":0,"name":"Shaded","section":"Shading Mode"},"sceneLighting":true,"audioPlay":false,"sceneViewState":{"m_AlwaysRefresh":false,"showFog":true,"showSkybox":true,"showFlares":true,"showImageEffects":true,"showParticleSystems":true,"showVisualEffectGraphs":true,"m_FxEnabled":true},"in2DMode":false,"pivot":{"x":-2.5591747760772707,"y":-2.6161928176879885,"z":-63.63642120361328},"rotation":{"x":0.19847877323627473,"y":-0.07489495724439621,"z":0.015211439691483975,"w":0.9771283864974976},"size":13.942254066467286,"orthographic":false}